image,nose_x,nose_y,left_eye_x,left_eye_y,right_eye_x,right_eye_y,left_ear_x,left_ear_y,right_ear_x,right_ear_y,left_shoulder_x,left_shoulder_y,right_shoulder_x,right_shoulder_y,left_elbow_x,left_elbow_y,right_elbow_x,right_elbow_y,left_wrist_x,left_wrist_y,right_wrist_x,right_wrist_y,left_hip_x,left_hip_y,right_hip_x,right_hip_y,left_knee_x,left_knee_y,right_knee_x,right_knee_y,left_ankle_x,left_ankle_y,right_ankle_x,right_ankle_y,neck_x,neck_y,left_palm_x,left_palm_y,right_palm_x,right_palm_y,spine2(back)_x,spine2(back)_y,spine1(waist)_x,spine1(waist)_y,left_instep_x,left_instep_y,right_instep_x,right_instep_y
TRAIN/goddess/00000124.jpg,153.44610600000001,24.09838104,157.6370544,20.99656487,148.4981842,21.14818382,161.52972409999998,24.10633659,148.40499880000002,24.69486809,172.0366821,52.03585815,130.6631165,50.74067688,185.7439575,79.81445313,116.9713287,76.97563934,149.01782230000003,72.59172058,138.73391719999998,76.76072693,169.016037,108.609108,141.5319366,108.1677933,209.97354130000002,136.9250641,99.84050751,136.95207209999998,217.2751312,184.1326447,87.71551514,183.01573180000003,153.2916412,38.14180374,144.94915769999997,66.95317078,139.57321169999997,76.51190948,153.3990936,67.57035065,152.89215090000002,89.7543869,225.23181150000002,192.2980347,79.06703186,190.9202118
TRAIN/goddess/00000160.jpg,291.74194339999997,142.8584137,306.1260376,130.8293915,275.7027588,133.1627045,321.6837769,136.433548,264.43014530000005,139.66546630000002,357.3240662,211.3627167,228.756424,217.6976929,451.51336669999995,280.2511597,144.3697815,302.29110719999994,522.814209,197.8609467,71.98040771,222.73674010000002,349.04733280000005,405.9910889,258.33352659999997,411.8144836,501.5002136,458.53564450000005,123.54055790000001,484.07217410000004,492.3603516,585.7295532,151.42790219999998,617.6599731000001,295.5400085,177.7100372,534.1853027,180.6128387,55.29728699,207.3666229,296.33880619999996,273.3613586,301.5960083,352.6296082,510.59045410000004,592.8143311000001,135.5883179,627.2177124
TRAIN/goddess/00000104.jpeg,223.983902,170.75775149999998,230.3236542,165.0286102,215.8433075,165.6357574,235.97122190000002,168.6503296,205.7493744,170.192215,253.3507538,203.7089233,191.2640686,203.8011627,300.9960938,212.9700317,142.1443939,213.37335209999998,316.74230960000006,168.5710602,133.4853821,169.852417,243.3878784,292.9454956,204.85906980000001,293.4710693,308.7786255,312.95013430000006,138.1035919,309.7584839,313.0883484,378.36788939999997,136.57551569999998,379.361969,222.39988709999997,189.194046,316.61871339999993,160.270462,134.8677521,160.4697418,224.99427799999998,232.54571529999998,226.11499019999997,265.5645142,321.8105164,385.7084961,126.0908508,388.099762
TRAIN/goddess/00000178.jpg,544.4118652000001,122.5041885,567.2448730000001,111.19351200000001,524.2564697,111.56549840000002,591.2598267000001,124.92669679999999,509.6719971,123.6514206,631.3543091,215.19364930000003,464.19107060000005,213.04954530000003,676.5490722999999,326.68594360000003,418.22631839999997,322.2356567,721.6035156,425.3907166,371.651123,424.86227419999994,599.4400635,394.56176760000005,491.8443603999999,400.1096497,746.5822143999999,488.2035217,344.5364075,488.2891541,736.9456787,646.4177246,338.9520874,648.8616943,547.9537964,167.6374969,733.9168701,443.6586914,355.306427,442.08285520000004,547.5383301,264.95083619999997,546.2819214,333.113678,762.0554199,660.7607422,311.2095642,667.7125854
TRAIN/goddess/00000119.jpg,749.8265381,241.10992430000002,759.8024902000001,234.1442719,736.8547973999999,233.39477540000001,764.6713867000001,242.76850890000003,711.2475586,239.57165530000003,781.3258667,293.2645874,688.3065186000001,292.0952454,857.4248656999999,289.20764160000004,608.5089722,289.27044680000006,875.6168822999999,232.2619019,605.9085693,233.60426329999999,761.1556396000001,439.2718506,699.319519,440.3055725,839.418457,519.9674683000001,633.3518066,524.4983521,829.3604736000001,590.1040649,626.5311889999999,602.6876221,736.5325928,272.2281799,875.5598144999999,216.72074890000002,611.2077637,219.7753906,734.0333862000001,338.5837708,734.7807617000001,390.54675289999994,834.925293,605.545105,618.3131103999999,616.1242676
TRAIN/goddess/00000229.jpg,344.1838074,112.89842990000001,358.8883667,103.9198074,331.2080078,104.3094406,374.9204407,106.21526340000001,322.6252747,106.95773319999999,404.73132319999996,165.72229,298.5663757,166.1322937,488.3606262,191.03300480000001,222.4901733,192.25001530000003,508.30810549999995,112.80689240000001,197.34968569999998,117.96607209999999,386.7792664,310.9342651,327.6401367,311.2033081,498.4683228,349.58374019999997,212.0576324,351.46154789999997,515.5524291999999,471.5555725,216.2870483,462.0656738,349.74728389999996,140.9170685,509.5244141,100.4915771,195.79046630000002,104.9489365,352.2819214,207.2024384,353.94787599999995,264.8840637,533.5781860000001,485.6471863,198.27285769999997,477.94082639999993
TRAIN/goddess/00000163.jpg,317.44812010000004,121.5188828,327.92669680000006,115.0561905,306.5848389,115.3093338,341.26080319999994,125.7161179,292.3522034,126.21595,359.1391907,185.5259399,271.5369263,182.8356781,436.6483459,191.9129639,193.6898651,185.68457030000002,459.13806150000005,127.80841059999999,178.10031130000002,125.66320800000001,336.80529789999997,308.34146119999997,284.59884639999996,307.66250610000003,396.42962650000004,402.1462097,227.54098509999997,405.9759216,426.5619507,496.1871643,204.28637700000002,505.6003418000001,315.41159060000007,157.94345090000002,461.85632319999996,114.74733729999998,177.1004028,112.7412415,312.4141541,219.18901060000002,309.7560425,263.799408,436.95516969999994,503.7264709,194.4698639,512.657959
TRAIN/goddess/00000103.png,434.0230713,309.4689331,457.00070189999997,290.141449,424.12704469999994,290.63928219999997,515.1403809,302.5048828,465.89468380000005,306.3356018,561.6054687999999,439.58840939999993,401.3588562,442.81021119999997,547.1008911,579.8969116000001,303.70874019999997,589.0924683,421.1544495,563.9734497000001,384.7567139,565.1212768999999,535.3765258999999,738.315979,419.30413819999995,744.0005493,584.3699341,816.2516479,187.960495,785.4963989,542.9050292999999,1095.79895,185.8276825,1035.419678,483.32519529999996,378.2917175,409.79553219999997,551.4098511,391.5611877,544.8254394999999,477.7631226,521.9978638,476.0999756,659.7171631,560.2235107000001,1141.168945,154.3872681,1061.0802
TRAIN/goddess/00000137.jpg,254.25225830000002,95.24575043,266.26248169999997,86.57688141,240.90136719999998,86.22127533,282.3207397,97.93411255,220.47038270000002,97.242836,311.7044067,165.7202301,191.78192140000002,166.2311554,407.9820557,173.7837677,98.35258484,166.29716489999998,439.17443849999995,96.76091766,75.63518524,97.66080475,287.8348999,309.5986633,220.3017426,310.53103639999995,431.0682068,285.68334960000004,84.74715424,285.0601807,416.21069339999997,437.4216614,80.06161499,433.5002747,251.30612180000003,137.7149506,450.25424189999995,90.96845245,67.83343506,85.95772552,252.25526430000002,201.668869,255.7218475,260.37445069999995,425.8678589,453.59359739999996,76.462677,447.92517089999996
TRAIN/goddess/00000141.jpg,1086.512573,479.7750244,1113.85498,501.8380432,1104.317627,473.438446,1084.189453,567.2858276000001,1094.70752,527.5501098999999,921.6619873,609.3272705,892.940918,433.2487488,739.0739746,697.5476074,739.8838501,420.22253420000004,567.3545532,816.5122681,612.6182861000001,376.0187988,535.2501831000001,575.6809082000001,539.0095215,447.5090027,331.7250671,761.1497192,438.4065857,258.9819946,341.8526611,610.4332275,344.77725219999996,494.82363889999993,981.7454223999999,524.2560425,535.4874878,843.6851196,584.0163574,361.9587708,799.6578369,509.3907166,654.7418822999999,511.40292360000007,308.94226069999996,568.6282348999999,293.85632319999996,520.414856
TRAIN/goddess/00000222.jpg,1527.434326,612.1654053,1597.651855,568.9354248,1453.434814,566.9390869,1672.430298,613.2789307,1360.807983,609.8795776000001,1795.039673,936.5464478,1252.185547,929.8024292000001,2253.326416,866.6430663999998,769.5725097999999,850.7376098999999,2333.224365,471.97915650000004,649.2863159,395.5664063,1707.9743649999998,1793.4747309999998,1269.571533,1788.859009,2276.458496,2084.1247559999997,731.7068481000001,2138.116455,2306.797852,2571.2346190000003,728.4512329,2541.586182,1519.088257,819.3566894999999,2340.41333,407.4547424,629.9433594,313.17984010000004,1501.160767,1188.151001,1488.4528810000002,1540.63855,2355.2451170000004,2627.470947,667.5206909,2565.606201
TRAIN/goddess/00000205.jpg,496.27062989999996,81.07458496,516.3665771000001,70.31478882,473.8757629,70.57494354,535.6799316,82.23390198,451.39477539999996,83.60812378,564.6907959,177.0521851,423.3891602,176.1806488,599.8216553,284.0322266,388.7584839,278.9663391,499.9444885,247.08695980000002,517.0751343000001,244.39994810000002,539.6469116000001,367.537323,446.97241210000004,367.37899780000004,698.1377562999999,422.0104675,297.7547913,428.65417479999996,711.5983887,588.4432982999999,287.1864624,594.3120727999999,494.49621579999996,124.6905518,493.45687869999995,231.36267090000004,519.0393066,232.24855040000003,491.67465210000006,226.9141235,495.5521851,297.8738098,739.8651123,613.6987915,261.5237122,623.8670654
TRAIN/goddess/00000125.jpg,172.6590271,34.81261826,174.4921875,29.42677307,164.47723390000002,29.51597404,160.4617615,32.83985519,143.989151,33.50993347,179.7868958,70.75035858,130.61508179999998,68.89923859,217.27796940000002,81.67150116,104.1239395,82.46109009,240.151535,52.38783646,80.0357666,48.98262024,164.5502167,148.29125980000003,134.95254519999997,146.6483917,220.926178,172.63609309999998,93.59972382,178.31681819999997,210.5801849,238.78688050000002,86.92965698,253.03765869999998,156.16661069999998,54.49461746,244.4853821,45.45444107,76.26963043,42.46505737,156.4427338,89.49906158,152.24780269999997,122.0324402,219.65844730000003,245.7543182,82.48612213,267.6617432
TRAIN/goddess/00000337.jpg,1651.307373,564.9653931,1703.9316410000001,535.2258301,1598.380737,535.2350464,1773.031982,568.8748168999999,1535.6811519999999,564.4017334,1858.4006350000002,813.5272827,1455.419189,810.703125,2221.994873,838.6608276000001,1115.786743,836.6625366000001,2311.693359,560.5862427000001,1067.130249,567.2024536,1738.790405,1405.1761470000001,1512.5354,1401.461792,2166.869873,1673.404419,1075.8321529999998,1635.37561,2182.0708010000003,2022.4116210000002,1125.123413,1995.89978,1655.977905,692.6599121,2343.488525,500.6783752,1050.356445,533.7436523,1641.282959,982.4022827,1631.300415,1206.8709720000002,2249.361572,2077.559814,1047.53125,2053.324707
TRAIN/goddess/00000389.jpg,301.5645752,81.12654114,300.9016113,76.12689209,299.9892883,76.22516632,295.5731506,79.48455811,295.74771119999997,77.77965546,337.6530762,111.03693390000001,249.73831180000002,111.8193893,379.3230896,165.3422394,206.4328156,158.6285248,415.7701721,219.98942569999997,169.3005524,214.41996769999997,314.51834110000004,228.6103668,270.61218260000004,223.64045719999996,427.29360959999997,256.604187,159.5350647,257.14053340000004,417.6764832,351.8645325,167.1436005,354.28225710000004,295.37118530000004,95.57057953,420.40084840000003,229.6105957,165.56109619999998,225.48286439999998,296.1948853,145.0136871,293.55111689999995,190.3375854,434.7796631,367.2608948,152.3310699,365.7181091
TRAIN/goddess/00000244.jpg,344.1838074,112.89842990000001,358.8883667,103.9198074,331.2080078,104.3094406,374.9204407,106.21526340000001,322.6252747,106.95773319999999,404.73132319999996,165.72229,298.5663757,166.1322937,488.3606262,191.03300480000001,222.4901733,192.25001530000003,508.30810549999995,112.80689240000001,197.34968569999998,117.96607209999999,386.7792664,310.9342651,327.6401367,311.2033081,498.4683228,349.58374019999997,212.0576324,351.46154789999997,515.5524291999999,471.5555725,216.2870483,462.0656738,349.74728389999996,140.9170685,509.5244141,100.4915771,195.79046630000002,104.9489365,352.2819214,207.2024384,353.94787599999995,264.8840637,533.5781860000001,485.6471863,198.27285769999997,477.94082639999993
TRAIN/plank/00000150.jpg,1113.425049,461.77697750000004,1148.134399,466.1774597,1108.3863529999999,440.99243160000003,1128.782593,502.75350949999995,1066.216309,442.28491210000004,1013.087585,591.4030151000001,963.4171142999999,427.7175598,1012.408875,648.8468627999999,941.2667236,262.7998962,1033.2436519999999,753.7787476,930.1552733999999,102.86956020000001,744.4926147000001,629.9353637999999,677.1342772999999,534.1940918,509.27819819999996,769.8796387,448.36294560000005,736.6702271,448.8511047,712.1311035,416.3381042,707.2453002999999,1039.064453,495.93508909999997,1057.059082,779.8267212000001,921.2272339,80.38811493,908.5167847000001,517.9922485000001,801.6125488,547.1315917999999,414.7634888,727.071228,397.6403503,727.2523804
TRAIN/plank/00000216.jpg,1216.313843,603.6918945,1249.903809,615.4326172,1219.901001,577.4385986000001,1243.642578,651.8490601,1191.166748,580.6299437999999,1112.081055,737.2545776000001,1068.8394779999999,556.9135742000001,1132.14209,935.8388062000001,1025.806885,356.7721252,1164.7436519999999,1102.377319,1006.4626460000001,187.64872739999998,819.6394042999999,833.3466797,739.9332886,737.7460937999999,573.8336792,975.5541382000001,490.0478516,909.4724731000001,327.8815308,1049.23291,265.9011536,1041.561401,1150.321533,637.9713745,1199.279053,1125.180664,1004.985901,155.3969879,997.1061401000001,679.7989502,870.27948,737.2190552000001,292.5427856,1078.247192,220.20817569999997,1071.934692
TRAIN/plank/00000189.jpg,523.3110352,283.9633789,541.5476074,287.43173219999994,526.3115234,269.73507689999997,541.3876953,304.46521,509.8570557,264.98138430000006,479.50424189999995,359.91806030000004,439.16793820000004,267.4945068,495.7798462,455.8278503,412.532074,168.3418121,502.89361569999994,535.819397,407.7605896,74.02959442,330.5961914,419.1134033,290.702179,366.96374510000004,212.89660640000002,480.0085449,183.7034607,442.9360352,149.2236176,500.4313965,102.6579437,496.60226439999997,483.1286926,303.79422,515.0119018999999,545.7497559,411.4923706,57.5370369,405.7366943,339.66171260000004,355.6990356,370.537384,135.45004269999998,511.2949524,84.00856018,511.9230956999999
TRAIN/plank/00000133.jpg,1919.929688,831.979187,1983.3339839999999,845.2933960000001,1947.8066410000001,825.2521972999999,1986.35022,929.3416138,1935.075073,877.8464355000001,1862.080688,1069.186768,1717.009155,845.4599608999999,1880.1577149999998,1413.3632810000001,1626.0778810000002,552.8045043999999,1954.678345,1637.80957,1624.5858150000001,247.39164730000002,1364.52124,1165.458008,1213.230957,1065.366089,1277.786377,1298.4729,893.5045776000001,1323.97583,1219.5095210000002,1626.802368,540.8092651000001,1648.9750980000001,1836.877441,918.7454223999999,2011.8417969999998,1658.251831,1645.43042,203.3922119,1631.726074,989.7109375,1454.54834,1040.559692,1023.21875,1645.0942380000001,507.0802916999999,1710.1503910000001
TRAIN/plank/00000329.jpg,569.0303955,429.48730470000004,575.9428101,443.03552249999996,582.1072998,432.98782350000005,559.4750977000001,473.2557068,570.1704102000001,452.6404114,502.63558960000006,470.78491210000004,526.5001221,382.10934449999996,516.3688965,598.9105835,529.2459106000001,291.6023254,522.5842896,680.5714722,542.0344848999999,200.8647003,351.7315979,493.1798096,314.26586910000003,452.99118039999996,252.45849610000002,586.4804077,214.98204040000002,552.8318481000001,159.00701899999999,651.0365601,141.19400019999998,630.4907227000001,523.7357787999999,436.9996643,536.3411255,688.4070435,548.1732178,180.7368622,446.85681150000005,417.6059265,379.3364563,444.2870789,145.42970280000003,662.2616577,118.9169617,644.8215332000001
TRAIN/plank/00000349.jpg,93.81464386,192.03227230000002,78.09960938,177.12510680000003,88.13015747,176.7574615,120.9493103,140.8525543,136.4591675,129.6125641,246.4369049,159.4275055,283.52365110000005,152.248642,258.1037903,378.5340881,271.6860962,411.1446838,248.97108459999998,538.550415,246.0617371,532.2050171,553.0365601,278.4199524,544.7527466,269.6377258,806.8692627,380.06271360000005,825.9020996,380.71398930000004,1127.6251220000001,437.27731320000004,1101.871582,440.8350525,194.1383209,148.8088531,211.9387207,552.1200562000001,120.8830261,199.05029299999998,349.83258060000003,210.2913361,456.27810669999997,255.8545685,1144.0786130000001,462.57788089999997,1114.5701900000001,462.1339416999999
TRAIN/plank/00000256.jpg,510.7728882,206.7190094,513.6394043,198.03196719999997,518.8959961,201.66334530000003,491.88833619999997,181.0711823,503.2357788,189.96269230000001,425.07238770000004,178.7953644,447.1523438,199.7769623,441.66018679999996,187.14506530000003,428.9275208000001,279.03482060000005,418.44174189999995,332.35211180000005,429.8304443,356.47436519999997,299.89120479999997,219.2688751,316.3302307,232.27326969999996,214.6420898,275.7327576,217.76542659999998,289.60650630000004,89.44368744,301.5325623,87.52051544,312.111908,465.87609860000003,189.68418880000002,425.32604979999996,337.127594,447.07531739999996,361.0368958,402.8003235,195.1740265,352.3681335,213.8767242,84.84048462,333.23345950000004,86.23074341,330.9705505
TRAIN/plank/00000361.jpg,386.1082153,445.9289246,378.2063293,433.22546389999997,360.3732605,454.64639280000006,389.62994380000004,432.19284060000007,369.45593260000004,481.3121033,457.7678528,392.6575012,436.8883057,531.6417847,489.2097473,275.2511292,426.21481320000004,654.0177612000001,506.04415889999996,131.4993439,418.9884033,759.4574585,727.9606934,521.6734008999999,665.7040405,573.0284424,841.65802,621.2119751,799.3115234,658.1321411,988.9678955,734.1201172,973.9985962000001,757.1259155,432.275116,460.42172239999996,503.8046265,108.12416840000002,411.0821533,777.913269,546.3772583,484.5998230000001,630.9025879,513.7770386,1033.373901,753.6265258999999,1032.574951,780.1837768999999
TRAIN/plank/00000238.png,355.12200930000006,197.3948364,366.41210939999996,201.5079956,357.7552185,189.0095215,367.3688965,211.5649261,352.1759644,184.76383969999998,325.3382568,233.6216583,314.1603699,178.06042480000002,323.80850219999996,252.19934080000002,302.9029236,117.89282990000001,328.56488039999994,293.20477289999997,308.22860719999994,62.81728745,230.7702026,242.8455963,211.012558,209.5422821,144.8673706,273.77450560000005,130.84698490000002,251.55712889999998,59.15764618,294.1601868,54.90751648,284.9408264,334.4548035,205.3221283,340.31774900000005,298.1836548,309.32446289999996,52.78059387,286.4058228,210.55705260000002,248.44213870000002,217.45019530000002,45.43120956,297.0898132,32.18218994,288.167572
TRAIN/plank/00000229.jpg,378.62249760000003,271.27401729999997,381.6522217,264.4243469,380.592865,265.7451172,367.14132689999997,256.20388790000004,366.0818787,259.3082581,321.6872253,277.21594239999996,328.7080078,276.4909973,325.66149900000005,296.3234863,330.6455994,344.7262878,349.62976069999996,250.38098140000002,332.8966064,395.4612732,243.98429869999998,309.46249389999997,234.88912960000002,312.9313049,175.370285,345.5913391,165.8990784,352.3615417,100.1861267,375.875946,97.35625458,377.5480957,349.28976439999997,269.6217957,355.6767578,393.87976069999996,346.7977295,396.9237061,297.1775513,291.22875980000003,269.64736939999995,302.37084960000004,101.735817,387.288208,96.57120514,386.514801
TRAIN/plank/00000262.jpg,493.3134155,243.82292180000005,498.4368896000001,230.9477386,495.0720519999999,231.8406372,471.86437989999996,213.90113829999999,474.3815002,219.18852230000002,409.27008060000003,230.93586729999998,416.73132319999996,240.9811859,376.9144287,268.50039669999995,407.8786011,336.21859739999996,381.88812260000003,291.8072205,407.8804016,413.6184998,271.52096560000007,289.4510193,273.83322139999996,296.0392456,163.4490051,332.24279789999997,170.3666534,342.32577510000004,58.75362778,371.0047302,48.84542084,379.0368347,444.8168335,232.77191159999998,384.19476319999995,291.809906,421.67004389999994,416.7980652,386.46774289999996,252.28009029999998,316.2078552,281.1740112,53.84064484,393.2418213,48.4290123,399.6898193
TRAIN/plank/00000370.jpg,495.3686523,469.68441770000004,514.3068848,444.19052120000003,467.1262512,455.15808110000006,545.7601318,459.75320430000005,442.9364624,487.9608154,637.3104857999999,561.4827271,427.3907471,628.0629272000001,790.5358276000001,456.4550476,252.8790894,637.6751098999999,906.6834106000001,337.4749451,102.3275223,625.1526489,700.6359252999999,929.5946654999999,587.076416,959.0363159,735.2338867000001,1192.360229,646.2587891,1203.297241,760.6682129,1441.482788,708.9179077,1434.511108,518.9182129,551.0450438999999,936.3106688999999,310.24618530000004,73.72929382,604.3191528,577.3220215,707.4609375,619.0311279,836.1799316,765.3323364,1480.78418,718.3619995,1480.126099
TRAIN/plank/00000323.jpg,966.6181641000001,589.5582275,991.6774292000001,590.9446411,978.1041869999999,574.1381836,988.5262451,595.6408691,960.6071167000001,540.5718383999999,896.1975707999999,624.2921752999999,896.4288939999999,485.34509280000003,890.2350464,732.0571899,872.100708,314.5113525,887.3010254000001,822.0383911,862.9286499,148.15271,619.1621094,621.1470337000001,607.5114136,504.3045959,426.8185730000001,693.9951172,421.5572205,378.3241882,229.2538452,764.3037109,465.5462341,593.5304565,909.0213013,569.6242676,885.296875,842.7971802000001,868.0352173,124.7848892,786.7286377,551.3540649,683.2391357000001,544.8640137,190.0808868,784.0776977999999,463.60681150000005,609.2572632
TRAIN/tree/00000082.jpg,1346.222534,803.8147583,1394.3359380000002,765.5712891,1296.167725,764.2832642000001,1456.6311039999998,807.7770996,1247.435059,804.2978516,1553.8691410000001,1076.435059,1136.94873,1073.654663,1639.268188,1433.570923,996.9048462000001,1436.064941,1341.413208,1281.94751,1195.086914,1308.111938,1442.576416,1758.863892,1162.447876,1745.727905,1447.860107,2251.528564,766.223999,2073.637695,1456.732056,2778.762939,1208.423218,2046.557739,1344.776123,956.8747559000001,1322.2613529999999,1244.14563,1219.538574,1268.895508,1344.7290039999998,1311.090698,1318.043823,1545.628784,1474.1000980000001,2838.1044920000004,1195.1682130000002,2092.615479
TRAIN/plank/00000419.jpg,97.96074677,257.0509033,95.20352173,243.60139469999996,78.78326416,260.10952760000004,124.9039459,229.9217377,99.71025085,271.5503235,206.400589,205.1473999,175.8177185,317.3574524,302.40991210000004,142.82164,186.85112,367.5716858,383.3570557,222.5157318,183.54907230000003,436.09060669999997,424.6936035,281.16400150000004,373.7993164,341.78140260000004,569.8492432,342.29788210000004,541.2536621,403.54321289999996,750.1920166,409.7315369,716.7173462000001,441.9009705,158.51281740000002,264.8937073,383.25357060000005,237.73329159999997,168.3312378,453.52444460000004,266.0446167,276.2009888,334.8196411,294.74224849999996,783.4779053,424.8039246,756.2836304,446.87118530000004
TRAIN/tree/00000120.jpg,368.74475099999995,355.14077760000004,382.29916380000003,338.12200930000006,354.97204589999996,340.1669006,403.2680664,347.47756960000004,339.1546631,351.4669495,436.5879211,409.9594727,314.348938,420.2271423,411.96670530000006,266.9277954,326.31530760000004,270.00888060000005,378.05892939999995,154.7081604,353.38342289999997,154.4249725,409.6245117,662.9924316,331.4237061,657.3253174,395.8608704,845.6677245999999,186.15280149999998,764.3200072999999,368.4245605,1005.466125,350.3912659,740.2277832000001,373.8645325,391.6559753,371.39291380000003,140.78488159999998,356.7406006,142.26968380000002,376.08569339999997,485.9461975,374.7331238,583.5259399,369.0226135,1032.769409,364.24240110000005,760.2723999
TRAIN/tree/00000136.jpg,504.2490234,287.6630249,502.96691889999994,264.07534790000005,475.6566772,297.7253113,556.3170166,266.0256653,485.25851439999997,328.28845210000003,689.9451293999999,330.5062256,527.342041,401.8633118,484.9524841,200.1045074,400.5959778,364.6668396,311.8684692,140.8997345,245.50895690000002,255.2534332,793.0115967,620.1508789,669.4706421,641.013855,823.7678833,877.0930176,642.4057617000001,888.5465697999999,861.6677856000001,1119.12439,576.4251098999999,1120.4298099999999,573.0986328,329.7398682,282.1611328,157.619339,252.90792850000003,226.65702819999996,675.4457397000001,430.69812010000004,715.0233764999999,532.3098755,894.5504761,1156.786255,539.3937988,1156.2052
TRAIN/tree/00000100.jpg,480.1733398,245.24800109999998,498.6818541999999,231.89544680000003,461.2631836,234.19786069999998,526.3076172,239.1093903,443.2398682,242.62915040000001,555.0338745,303.9004517,418.30725099999995,309.8154602,601.0560912999999,232.0527344,350.1523132,230.59446719999997,649.461731,117.67310330000001,297.7793274,138.02027890000002,530.5931396000001,561.5383911,441.2503662,556.7625122000001,527.0496216,756.5661011,384.18927,720.1706542999999,519.4191894999999,865.9042357999999,472.7027588,841.7612305,488.4429932,283.8662109,664.1981812000001,100.2069702,285.4303284,112.56222530000001,491.2950745,375.6304016,490.85610959999997,470.45071409999997,507.94839479999996,888.6964722000001,479.0716248,868.7282104000001
TRAIN/warrior2/00000125.jpg,551.0026245,211.33386230000002,552.152832,194.65242,531.4377441,195.745285,505.921936,200.18843080000002,462.86648560000003,203.0906219,581.3718262,301.1817932,396.832428,315.2122192,688.2268066,314.584198,281.1319885,355.9319153,796.3049927000001,336.67147830000005,173.8431244,397.2621155,539.8999633999999,549.6022339,432.7524414,549.4024048,656.2750854,675.1488647000001,339.52062989999996,703.2978516,653.4476318,837.0475464,233.05151370000002,836.4160156,491.35754389999994,260.8231506,820.4818726,344.06253050000004,148.66668700000002,408.5185852,488.3597412,371.89334110000004,487.9161682,470.89562989999996,683.7403563999999,856.7894897,215.9111023,864.3215332000001
TRAIN/warrior2/00000165.jpg,627.3988647000001,179.7001495,648.7946777000001,164.75756840000003,625.5676269999999,166.89602659999997,710.3986816,181.4084015,664.8861084,181.2523956,754.8273926,279.95541380000003,598.5339355000001,269.6283264,883.2893677000001,272.58639530000005,462.0474243,255.565918,1010.3541869999999,252.6916962,337.987793,242.29425049999998,695.3239746,501.5722961,619.1311035,502.6835938,836.4263916,622.3215942,435.8098755,546.135437,1032.723389,753.0928345,407.58993530000004,745.1615601,676.3132324,236.9047699,1027.414673,245.9212189,314.82360839999996,241.09538270000002,662.9963989,337.35140989999996,653.4196777000001,425.01611330000003,1069.85498,771.2280883999999,375.21868900000004,771.1893921
TRAIN/warrior2/00000122.jpg,656.9049072,171.00914,685.2833862000001,155.05641169999998,659.5384521000001,153.9981537,758.1519165,171.2493744,713.6035156,169.74378969999998,829.8459472999999,277.3108215,615.0495605000001,282.29760739999995,1010.3229369999999,256.5572205,463.5493164,243.28717039999998,1158.151489,253.21882630000002,322.3535767,205.2158813,793.1618042,589.645813,671.3347167999999,591.0653076,931.6273804,719.6069946,459.3646851,623.5614013999999,1160.5157470000001,885.6520386,419.598175,870.2233887,721.2871704,236.60272220000002,1191.903809,254.9839478,291.6857605,198.5623169,716.1933594,362.7955017,722.2069702,488.05871579999996,1072.1523439999999,819.1711426,380.975708,900.5895386
TRAIN/warrior2/00000131.jpg,360.668335,190.5835419,356.5166016,187.6663361,346.77285770000003,190.8110809,347.6684265,210.41551209999997,339.5587158,216.9331665,403.1134644,212.089798,341.4372253,272.333313,448.23202510000004,146.95791630000002,303.8370361,352.1706543,474.53054810000003,88.53862762,338.7166748,318.178894,421.80773930000004,401.4295959,377.7221375,404.7438049,528.0412598,425.6017761,280.13748169999997,473.16421510000004,542.5377808,534.8684691999999,552.4746094,539.7209472999999,364.94750980000003,234.3211212,329.1426392,292.9871216,343.04992680000004,311.782135,389.8230591,301.30410770000003,396.6651917,356.2277832,566.4504394999999,545.2946167,570.6918335,552.4592285
TRAIN/warrior2/00000150.jpg,409.5432739,390.1190186,405.659668,386.7373047,408.36740110000005,384.35168460000006,397.75616460000003,392.6453552,405.735199,388.6948242,418.2493591,433.80334469999997,413.7326965,429.64245610000006,250.7013855,427.12280269999997,523.4421387,427.80484010000004,161.89823909999998,414.8771667,616.2227173,419.50851439999997,346.6959839,583.6427002,385.2012939,590.0513916,269.3941345,662.394043,508.51577760000004,657.9710083,159.6207123,781.0725097999999,515.8145142,777.5761719,399.4207764,416.8688049,139.45831299999998,414.39050289999994,625.3421021,455.53433229999996,390.1037292,475.1324158,378.66305539999996,533.2918091,165.5345154,793.2072143999999,536.1560059,787.8620605000001
TRAIN/warrior2/00000259.jpg,3336.49292,455.59509280000003,3329.983643,416.2400818,3212.743896,421.2947693,3258.725586,498.8215027,3023.058594,488.93154910000004,3550.553223,823.553894,2825.55957,821.0021972999999,4122.958984000001,866.1652222000001,2241.384033,944.0283812999999,4601.130859000001,842.7097167999999,1793.718872,929.3647461000002,3373.8388670000004,1847.542358,2946.994141,1859.2049559999998,4001.918457,2256.340332,2512.248047,2451.064697,4129.54834,2995.405518,1977.481079,2998.10083,3181.891357,670.1829223999999,4694.083008,856.1430054,1725.564209,938.7164917000001,3182.019775,1096.0744630000002,3156.240234,1557.772339,4291.656738000001,3060.52124,1915.0097660000001,3119.056396
TRAIN/warrior2/00000195.jpeg,456.33120729999996,201.7007294,468.3568726,190.4852142,457.960083,190.71496580000002,514.6647339,195.92637630000002,489.66644289999994,194.949295,550.7600708,247.38201899999999,462.46408080000003,256.32742310000003,654.9637451,236.7832642,353.481842,246.01930240000002,742.3400879,245.4136963,253.46411129999998,245.91223140000002,535.6430054,401.5875549,499.66644289999994,407.7685547,626.3166504,498.6020813,372.3240662,481.57861330000003,747.8552856000001,583.0718383999999,400.87771610000004,606.3359375,502.6167603,229.5824738,760.045166,250.5463715,223.8081207,245.5981293,506.3675232,291.051178,500.6289063,351.64596560000007,763.0968627999999,582.9019165,377.38955689999995,616.6408081000001
TRAIN/warrior2/00000327.jpg,3052.057373,783.3737183,3125.474365,724.6742554,3088.819336,719.7070312999999,3319.040283,767.6735229,3253.600098,760.4916992000001,3350.533203,1184.065552,3298.817871,1133.544067,3039.1791989999997,1694.9744870000002,3239.817139,1572.105835,2548.2763670000004,2017.170532,2683.915771,1976.847168,3319.889893,2073.655273,3183.177979,2018.7957760000002,3802.8645020000004,2800.903076,2682.147461,2591.05835,4428.64209,3435.219971,2436.709961,3225.9372559999997,3271.672607,968.2424927000001,2455.756836,2039.743164,2348.3203129999997,3279.572998,3378.4658200000003,1424.4921880000002,3316.283691,1774.651733,4385.251953,3506.2138670000004,2279.5158690000003,3299.6872559999997
TRAIN/warrior2/00000220.jpg,531.3151855000001,120.1789169,546.1433105000001,108.74398799999999,531.6528931,108.88280490000001,590.6625366000001,113.2840881,562.5886230000001,112.67980190000002,646.5386963,189.39025880000003,515.9453125,186.9326935,761.0200195,200.7476349,410.0273743,188.82102969999997,842.7266846000001,186.103653,313.6789246,172.894104,611.3137207000001,381.79211430000004,533.7266235000001,376.9270935,716.7148437999999,475.5463562,387.48413089999997,413.8391418,854.4694824,575.3568726,343.4504395,574.6040039,576.2381592,154.43748469999997,867.5010376,185.8887787,287.77383419999995,172.1778412,586.1779785,238.8069,580.022644,316.9186096,874.3637695,590.0776977999999,309.6599426,587.9976196
TRAIN/warrior2/00000238.jpg,631.527771,96.48822784,624.1868896000001,84.33946991,615.3435059,84.12592316,601.8479614,90.69879913,565.769043,89.74179077,648.7556152000001,160.29975890000003,504.6932983,140.5478363,762.8858642999999,157.8543396,387.3639221,139.0349884,845.0502319,148.32420349999998,294.1081238,118.91289520000001,617.1651611000001,305.31149289999996,541.755249,307.29708860000005,756.3448486000001,362.118927,456.27496339999993,440.8694153,789.2304077,518.3242798,281.41186519999997,527.7485962000001,578.9146728999999,136.6893158,869.3405762,149.0187378,272.8492432,123.1802673,572.1311035,192.798172,578.6043091,249.13018799999998,815.1445923,534.5424194,248.650177,539.4412231000001
TRAIN/warrior2/00000387.jpg,171.05987549999998,174.3551788,176.0069275,167.1419525,170.89468380000002,169.00558469999999,195.1051483,170.12528989999998,186.43550109999998,171.6512604,224.12316890000002,195.68408200000002,167.07257080000002,210.0610199,280.44284060000007,193.3046875,120.7738342,213.17291260000002,325.32092289999997,194.432785,80.20083618,214.70196529999998,208.4092102,288.6911011,176.6963043,294.6384583,272.1863403,331.6245728,111.43806459999999,309.78033450000004,352.37951660000004,387.97103880000003,110.16796880000001,388.9050293,193.9780273,190.2282104,335.1908875,194.9963837,72.22102356,215.68969730000003,195.72761540000002,228.276535,192.2554321,261.69485469999995,361.34387210000006,398.8735657,102.2530441,401.06835939999996
TEST/goddess/00000013.jpg,338.60845950000004,76.58216095,351.28179930000005,69.29340363,324.349884,70.66028595,361.30914310000003,80.36965179,311.4874878,80.81678009,380.5762939,129.39451599999998,302.06356810000005,130.78973390000002,384.8478699,196.58105469999998,299.82705689999995,195.6030273,353.4048157,166.0534821,335.970459,166.28800959999998,367.2918396,258.4583435,317.89538569999996,259.7615662,458.6552734,293.5407715,222.07498169999997,292.50784300000004,478.74670410000004,398.74291989999995,207.00779719999997,390.4466248,339.94055180000004,103.6829758,350.6351318,158.5046844,340.7276611,157.4949799,339.3173828,170.58332819999998,341.4215393,220.3551788,498.43478389999996,417.9674377,183.3012085,416.3672791
TEST/goddess/00000056.jpg,387.009552,292.2719727,404.67730710000006,277.5484924,378.4971619,278.66464229999997,448.547699,282.9716492,408.0453796,287.65472410000007,483.8020325,386.532196,363.21343989999997,390.0545959,469.6400146000001,491.09011839999994,289.9996338,503.0073547,373.0361328,478.73254389999994,346.7310486,478.2672119,460.4238892,611.2236328,370.9847107,612.7982787999999,495.84960939999996,670.9033203,201.215271,644.2736816,466.8916016,877.0979614,199.1760864,830.5551147000001,425.9693298,340.81246949999996,365.1290894,467.5974426,351.7497253,464.2978516,423.54089360000006,455.58142089999996,419.169342,552.3863525,479.8460693,912.1299437999999,173.8013,849.7062377999998
TEST/goddess/00000004.jpg,863.5432129000001,183.6967621,843.6593017999999,170.075882,874.9578857000001,171.2402802,813.725647,191.455307,903.9243774,196.5696869,750.4174805,331.80471800000004,972.5290527000001,324.8223877,546.6340332000001,371.01489260000005,1163.6676029999999,368.89785770000003,432.8912659,205.01586909999997,1277.520142,220.5313721,807.0587158,660.7550659,908.4951781999999,662.0459595,546.0540771000001,756.8566284,1170.676758,745.4904785,519.3856812,1027.41687,1204.38623,1013.7648929999999,856.4213867000001,254.08961490000002,431.0224915,180.4349213,1287.92627,190.8740997,856.7008667000001,421.5238953,856.2329712000001,555.4489136,470.44091799999995,1059.596069,1244.8553470000002,1045.934692
TEST/plank/00000033.jpg,1274.562134,1558.900024,1205.6872560000002,1539.502075,1148.915405,1577.551392,1183.703125,1623.395874,1118.697144,1716.4785160000001,1573.741089,1612.797852,1416.585449,1990.932495,1655.518433,1363.896606,1462.617554,2177.957031,2280.954834,561.5579223999999,2137.619385,618.5112915,2371.731934,2131.712402,2187.188721,2326.1020510000003,2368.773193,2450.631592,2900.9221190000003,2682.808838,2328.8125,584.7374267999999,3085.924316,2775.12793,1398.709595,1750.082397,2220.356445,517.9686279,2175.372803,543.1630249,1804.909668,1923.356812,2080.600586,2085.122314,3089.782471,2782.47876,3221.6098629999997,2855.449219
TEST/plank/00000053.jpg,610.3539429,152.3956757,614.1749267999999,142.558075,636.5089722,151.20722959999998,606.9177246,125.7262497,624.6802978999999,140.4169769,526.0082397,130.094223,549.9361572,151.10214230000003,497.34750369999995,272.5040588,518.5255127,268.25326540000003,510.51959230000006,330.0747375,520.0198975,360.6868591,352.14901729999997,201.9008636,361.9895935,209.16847230000002,233.36474610000002,250.24253849999997,223.2271881,255.7520599,91.00386047,292.10751339999996,56.05311584,311.4251099,568.8236084,136.24610900000002,525.4537353999999,333.4519348,541.4111937999999,361.3719788,490.8428955,167.868103,425.6331787,191.6365356,82.36555481,314.2486267,60.31545639,332.263031
TEST/warrior2/00000032.jpg,1047.098877,307.2245789,1006.855713,282.42654419999997,1045.352051,285.6525574,932.6662597999999,285.8730164,1011.597351,291.4345703,840.8543091,408.0501404,1030.67334,421.4460754,606.7755737000001,395.3431091,1426.85083,388.2342834,499.124176,397.8802795,1424.080566,386.16787719999996,893.5758667000001,784.0916137999999,972.1382446,784.0288696,732.0876465,926.8930054,1271.4689939999998,855.0355835000001,464.2731018,1109.6816410000001,1279.602051,1129.807617,969.4377440999999,352.7743225,467.0061951,400.6240234,1297.749146,262.54327390000003,947.2479248,486.97949220000004,955.5765991000001,653.5569458,444.89511110000007,1137.472534,1373.826538,1146.1073
TEST/warrior2/00000004.jpg,1524.057861,253.09410099999997,1586.6798099999999,216.39729309999998,1529.307861,218.3950806,1751.04248,243.2415924,1627.922729,247.2575226,1905.7117920000003,495.5535583000001,1438.284668,496.64440920000004,2257.9482420000004,478.27651979999996,1110.41272,480.6109924,2553.2229,446.58090210000006,799.9777832000001,433.0395203,1754.188354,1128.8905029999999,1503.702148,1131.85083,2039.538818,1405.203125,1028.761841,1318.661133,2388.616211,1708.504395,877.8911742999999,1809.2020260000002,1662.404297,388.1703796,2624.372803,448.43649289999996,726.0471802000001,428.5166931,1654.172485,677.0922241000001,1619.768066,922.7856445,2470.853027,1752.3735350000002,729.6930542,1861.388184
TEST/warrior2/00000088.jpg,616.5490112000001,983.1593627999998,602.7307129,973.2045898,593.1394653,989.4560547,588.0617676,1069.099487,595.248291,1048.403198,654.4625244,1155.973755,736.8873901000001,1025.859741,576.0070801,1370.857788,678.0031738,904.6913452,477.6082458000001,1564.097534,600.1473388999999,1059.547241,865.2462158,1403.3535160000001,798.6357422,1386.5859380000002,494.5952148,1609.036499,1171.104858,1465.338989,1170.66748,1758.8890379999998,1195.751099,1765.073853,669.9512329,1068.413452,476.40896610000004,1586.926636,604.9629517000001,1075.453491,798.9383545,1120.657471,850.5712279999999,1253.929199,1236.5874019999999,1791.542969,1250.642456,1787.535278
